Stress Force(nN),Strain Length (SI3),Strain Length (PDMS)
0.0,1.0,1.0
0.5,1.80478,
1.0,1.94094,1.08612
1.5,1.99338,
2.0,2.04726,1.13711
2.5,2.11094,
3.0,,1.19355
3.5,,
4.0,,1.26524
4.5,,
5.0,,
5.5,,
6.0,,
6.5,,
7.0,,
7.5,,
8.0,,
8.5,,
9.0,,
9.5,,
10.0,,
,3.6721504112808443,18.600816662942716
